Anyo,Fecha (dd/mm/aaaa),TRM,DÃ­a del mes,Mes,Id Mes
2019,2019-12-31,"3277,14",31,Diciembre,12
2019,2019-12-30,"3294,05",30,Diciembre,12
2019,2019-12-29,"3294,05",29,Diciembre,12
2019,2019-12-28,"3294,05",28,Diciembre,12
2019,2019-12-27,"3281,4",27,Diciembre,12
2019,2019-12-26,"3305,84",26,Diciembre,12
2019,2019-12-25,"3305,84",25,Diciembre,12
2019,2019-12-24,"3316,92",24,Diciembre,12
2019,2019-12-23,"3325,47",23,Diciembre,12
2019,2019-12-22,"3325,47",22,Diciembre,12
2019,2019-12-21,"3325,47",21,Diciembre,12
2019,2019-12-20,"3322,38",20,Diciembre,12
2019,2019-12-19,"3329,98",19,Diciembre,12
2019,2019-12-18,"3347,86",18,Diciembre,12
2019,2019-12-17,"3364,24",17,Diciembre,12
2019,2019-12-16,"3374,29",16,Diciembre,12
2019,2019-12-15,"3374,29",15,Diciembre,12
2019,2019-12-14,"3374,29",14,Diciembre,12
2019,2019-12-13,"3372,23",13,Diciembre,12
2019,2019-12-12,"3387,73",12,Diciembre,12
2019,2019-12-11,"3418,61",11,Diciembre,12
2019,2019-12-10,"3418,48",10,Diciembre,12
2019,2019-12-09,"3430,31",9,Diciembre,12
2019,2019-12-08,"3430,31",8,Diciembre,12
2019,2019-12-07,"3430,31",7,Diciembre,12
2019,2019-12-06,"3459,97",6,Diciembre,12
2019,2019-12-05,"3478,57",5,Diciembre,12
2019,2019-12-04,"3506,67",4,Diciembre,12
2019,2019-12-03,"3508,39",3,Diciembre,12
2019,2019-12-02,"3522,48",2,Diciembre,12
2019,2019-12-01,"3522,48",1,Diciembre,12
2019,2019-11-30,"3522,48",30,Noviembre,11
2019,2019-11-29,"3502,92",29,Noviembre,11
2019,2019-11-28,"3502,92",28,Noviembre,11
2019,2019-11-27,"3469,01",27,Noviembre,11
2019,2019-11-26,"3433,94",26,Noviembre,11
2019,2019-11-25,"3410,77",25,Noviembre,11
2019,2019-11-24,"3410,77",24,Noviembre,11
2019,2019-11-23,"3410,77",23,Noviembre,11
2019,2019-11-22,"3440,66",22,Noviembre,11
2019,2019-11-21,"3445,95",21,Noviembre,11
2019,2019-11-20,"3434,49",20,Noviembre,11
2019,2019-11-19,"3447,74",19,Noviembre,11
2019,2019-11-18,"3421,26",18,Noviembre,11
2019,2019-11-17,"3421,26",17,Noviembre,11
2019,2019-11-16,"3421,26",16,Noviembre,11
2019,2019-11-15,"3452,67",15,Noviembre,11
2019,2019-11-14,"3441,89",14,Noviembre,11
2019,2019-11-13,"3384,21",13,Noviembre,11
2019,2019-11-12,"3341,01",12,Noviembre,11
2019,2019-11-11,"3341,01",11,Noviembre,11
2019,2019-11-10,"3341,01",10,Noviembre,11
2019,2019-11-09,"3341,01",9,Noviembre,11
2019,2019-11-08,"3327,02",8,Noviembre,11
2019,2019-11-07,"3319,64",7,Noviembre,11
2019,2019-11-06,"3318,47",6,Noviembre,11
2019,2019-11-05,"3339,19",5,Noviembre,11
2019,2019-11-04,"3339,19",4,Noviembre,11
2019,2019-11-03,"3339,19",3,Noviembre,11
2019,2019-11-02,"3339,19",2,Noviembre,11
2019,2019-11-01,"3383,29",1,Noviembre,11
2019,2019-10-31,"3389,94",31,Octubre,10
2019,2019-10-30,"3380,9",30,Octubre,10
2019,2019-10-29,"3382,19",29,Octubre,10
2019,2019-10-28,"3395,25",28,Octubre,10
2019,2019-10-27,"3395,25",27,Octubre,10
2019,2019-10-26,"3395,25",26,Octubre,10
2019,2019-10-25,"3387,72",25,Octubre,10
2019,2019-10-24,"3409,29",24,Octubre,10
2019,2019-10-23,"3430,3",23,Octubre,10
2019,2019-10-22,"3442,78",22,Octubre,10
2019,2019-10-21,"3428,63",21,Octubre,10
2019,2019-10-20,"3428,63",20,Octubre,10
2019,2019-10-19,"3428,63",19,Octubre,10
2019,2019-10-18,"3465,35",18,Octubre,10
2019,2019-10-17,"3459,55",17,Octubre,10
2019,2019-10-16,"3451,33",16,Octubre,10
2019,2019-10-15,"3431,46",15,Octubre,10
2019,2019-10-14,"3431,46",14,Octubre,10
2019,2019-10-13,"3431,46",13,Octubre,10
2019,2019-10-12,"3431,46",12,Octubre,10
2019,2019-10-11,"3458,42",11,Octubre,10
2019,2019-10-10,"3454,56",10,Octubre,10
2019,2019-10-09,"3452,57",9,Octubre,10
2019,2019-10-08,"3445,76",8,Octubre,10
2019,2019-10-07,"3430,28",7,Octubre,10
2019,2019-10-06,"3430,28",6,Octubre,10
2019,2019-10-05,"3430,28",5,Octubre,10
2019,2019-10-04,"3467,6",4,Octubre,10
2019,2019-10-03,"3497,34",3,Octubre,10
2019,2019-10-02,"3491,29",2,Octubre,10
2019,2019-10-01,"3477,45",1,Octubre,10
2019,2019-09-30,"3462,01",30,Septiembre,9
2019,2019-09-29,"3462,01",29,Septiembre,9
2019,2019-09-28,"3462,01",28,Septiembre,9
2019,2019-09-27,"3435,71",27,Septiembre,9
2019,2019-09-26,"3451,02",26,Septiembre,9
2019,2019-09-25,"3438,66",25,Septiembre,9
2019,2019-09-24,"3437,78",24,Septiembre,9
2019,2019-09-23,"3402,32",23,Septiembre,9
2019,2019-09-22,"3402,32",22,Septiembre,9
2019,2019-09-21,"3402,32",21,Septiembre,9
2019,2019-09-20,"3377,72",20,Septiembre,9
2019,2019-09-19,"3377,79",19,Septiembre,9
2019,2019-09-18,"3380,92",18,Septiembre,9
2019,2019-09-17,"3364,43",17,Septiembre,9
2019,2019-09-16,"3356,15",16,Septiembre,9
2019,2019-09-15,"3356,15",15,Septiembre,9
2019,2019-09-14,"3356,15",14,Septiembre,9
2019,2019-09-13,"3359,2",13,Septiembre,9
2019,2019-09-12,"3372,48",12,Septiembre,9
2019,2019-09-11,"3373,75",11,Septiembre,9
2019,2019-09-10,"3368,8",10,Septiembre,9
2019,2019-09-09,"3361,7",9,Septiembre,9
2019,2019-09-08,"3361,7",8,Septiembre,9
2019,2019-09-07,"3361,7",7,Septiembre,9
2019,2019-09-06,"3377,39",6,Septiembre,9
2019,2019-09-05,"3401,04",5,Septiembre,9
2019,2019-09-04,"3438,61",4,Septiembre,9
2019,2019-09-03,"3427,29",3,Septiembre,9
2019,2019-09-02,"3427,29",2,Septiembre,9
2019,2019-09-01,"3427,29",1,Septiembre,9
2019,2019-08-31,"3427,29",31,Agosto,8
2019,2019-08-30,"3464,15",30,Agosto,8
2019,2019-08-29,"3477,53",29,Agosto,8
2019,2019-08-28,"3457,89",28,Agosto,8
2019,2019-08-27,"3432,85",27,Agosto,8
2019,2019-08-26,"3399,95",26,Agosto,8
2019,2019-08-25,"3399,95",25,Agosto,8
2019,2019-08-24,"3399,95",24,Agosto,8
2019,2019-08-23,"3376,99",23,Agosto,8
2019,2019-08-22,"3385,28",22,Agosto,8
2019,2019-08-21,"3420,99",21,Agosto,8
2019,2019-08-20,"3441,4",20,Agosto,8
2019,2019-08-19,"3441,4",19,Agosto,8
2019,2019-08-18,"3441,4",18,Agosto,8
2019,2019-08-17,"3441,4",17,Agosto,8
2019,2019-08-16,"3447,76",16,Agosto,8
2019,2019-08-15,"3449,27",15,Agosto,8
2019,2019-08-14,"3407,76",14,Agosto,8
2019,2019-08-13,"3436,26",13,Agosto,8
2019,2019-08-12,"3382,71",12,Agosto,8
2019,2019-08-11,"3382,71",11,Agosto,8
2019,2019-08-10,"3382,71",10,Agosto,8
2019,2019-08-09,"3394,61",9,Agosto,8
2019,2019-08-08,"3431,28",8,Agosto,8
2019,2019-08-07,"3431,28",7,Agosto,8
2019,2019-08-06,"3459,47",6,Agosto,8
2019,2019-08-05,"3365,78",5,Agosto,8
2019,2019-08-04,"3365,78",4,Agosto,8
2019,2019-08-03,"3365,78",3,Agosto,8
2019,2019-08-02,"3329,23",2,Agosto,8
2019,2019-08-01,"3291,79",1,Agosto,8
2019,2019-07-31,"3296,85",31,Julio,7
2019,2019-07-30,"3262,81",30,Julio,7
2019,2019-07-29,"3233,26",29,Julio,7
2019,2019-07-28,"3233,26",28,Julio,7
2019,2019-07-27,"3233,26",27,Julio,7
2019,2019-07-26,"3213,09",26,Julio,7
2019,2019-07-25,"3194,67",25,Julio,7
2019,2019-07-24,"3188,01",24,Julio,7
2019,2019-07-23,"3177,76",23,Julio,7
2019,2019-07-22,"3169,51",22,Julio,7
2019,2019-07-21,"3169,51",21,Julio,7
2019,2019-07-20,"3169,51",20,Julio,7
2019,2019-07-19,"3183,01",19,Julio,7
2019,2019-07-18,"3189,21",18,Julio,7
2019,2019-07-17,"3199,72",17,Julio,7
2019,2019-07-16,"3190,66",16,Julio,7
2019,2019-07-15,"3190,33",15,Julio,7
2019,2019-07-14,"3190,33",14,Julio,7
2019,2019-07-13,"3190,33",13,Julio,7
2019,2019-07-12,"3197,5",12,Julio,7
2019,2019-07-11,"3212,91",11,Julio,7
2019,2019-07-10,"3223,67",10,Julio,7
2019,2019-07-09,"3207,66",9,Julio,7
2019,2019-07-08,"3217,18",8,Julio,7
2019,2019-07-07,"3217,18",7,Julio,7
2019,2019-07-06,"3217,18",6,Julio,7
2019,2019-07-05,"3206,92",5,Julio,7
2019,2019-07-04,"3206,92",4,Julio,7
2019,2019-07-03,"3211,06",3,Julio,7
2019,2019-07-02,"3205,67",2,Julio,7
2019,2019-07-01,"3205,67",1,Julio,7
2019,2019-06-30,"3205,67",30,Junio,6
2019,2019-06-29,"3205,67",29,Junio,6
2019,2019-06-28,"3197,23",28,Junio,6
2019,2019-06-27,"3177,94",27,Junio,6
2019,2019-06-26,"3187,15",26,Junio,6
2019,2019-06-25,"3191,17",25,Junio,6
2019,2019-06-24,"3191,17",24,Junio,6
2019,2019-06-23,"3191,17",23,Junio,6
2019,2019-06-22,"3191,17",22,Junio,6
2019,2019-06-21,"3202,01",21,Junio,6
2019,2019-06-20,"3248,91",20,Junio,6
2019,2019-06-19,"3264,98",19,Junio,6
2019,2019-06-18,"3286,63",18,Junio,6
2019,2019-06-17,"3270,7",17,Junio,6
2019,2019-06-16,"3270,7",16,Junio,6
2019,2019-06-15,"3270,7",15,Junio,6
2019,2019-06-14,"3266,72",14,Junio,6
2019,2019-06-13,"3264,47",13,Junio,6
2019,2019-06-12,"3249,56",12,Junio,6
2019,2019-06-11,"3257,06",11,Junio,6
2019,2019-06-10,"3274,72",10,Junio,6
2019,2019-06-09,"3274,72",9,Junio,6
2019,2019-06-08,"3274,72",8,Junio,6
2019,2019-06-07,"3288,69",7,Junio,6
2019,2019-06-06,"3296,87",6,Junio,6
2019,2019-06-05,"3306,37",5,Junio,6
2019,2019-06-04,"3377,16",4,Junio,6
2019,2019-06-03,"3377,16",3,Junio,6
2019,2019-06-02,"3377,16",2,Junio,6
2019,2019-06-01,"3377,16",1,Junio,6
2019,2019-05-31,"3357,82",31,Mayo,5
2019,2019-05-30,"3375,29",30,Mayo,5
2019,2019-05-29,"3362,48",29,Mayo,5
2019,2019-05-28,"3358,84",28,Mayo,5
2019,2019-05-27,"3358,84",27,Mayo,5
2019,2019-05-26,"3358,84",26,Mayo,5
2019,2019-05-25,"3358,84",25,Mayo,5
2019,2019-05-24,"3368,76",24,Mayo,5
2019,2019-05-23,"3340,96",23,Mayo,5
2019,2019-05-22,"3344,45",22,Mayo,5
2019,2019-05-21,"3342,21",21,Mayo,5
2019,2019-05-20,"3313,72",20,Mayo,5
2019,2019-05-19,"3313,72",19,Mayo,5
2019,2019-05-18,"3313,72",18,Mayo,5
2019,2019-05-17,"3290,27",17,Mayo,5
2019,2019-05-16,"3295,51",16,Mayo,5
2019,2019-05-15,"3285,14",15,Mayo,5
2019,2019-05-14,"3299,01",14,Mayo,5
2019,2019-05-13,"3274,3",13,Mayo,5
2019,2019-05-12,"3274,3",12,Mayo,5
2019,2019-05-11,"3274,3",11,Mayo,5
2019,2019-05-10,"3293,62",10,Mayo,5
2019,2019-05-09,"3290,12",9,Mayo,5
2019,2019-05-08,"3288,81",8,Mayo,5
2019,2019-05-07,"3254,03",7,Mayo,5
2019,2019-05-06,"3240,44",6,Mayo,5
2019,2019-05-05,"3240,44",5,Mayo,5
2019,2019-05-04,"3240,44",4,Mayo,5
2019,2019-05-03,"3262,17",3,Mayo,5
2019,2019-05-02,"3233,97",2,Mayo,5
2019,2019-05-01,"3233,97",1,Mayo,5
2019,2019-04-30,"3247,72",30,Abril,4
2019,2019-04-29,"3227,79",29,Abril,4
2019,2019-04-28,"3227,79",28,Abril,4
2019,2019-04-27,"3227,79",27,Abril,4
2019,2019-04-26,"3237,98",26,Abril,4
2019,2019-04-25,"3213,23",25,Abril,4
2019,2019-04-24,"3177,94",24,Abril,4
2019,2019-04-23,"3149,99",23,Abril,4
2019,2019-04-22,"3160,48",22,Abril,4
2019,2019-04-21,"3160,48",21,Abril,4
2019,2019-04-20,"3160,48",20,Abril,4
2019,2019-04-19,"3160,48",19,Abril,4
2019,2019-04-18,"3160,48",18,Abril,4
2019,2019-04-17,"3160,87",17,Abril,4
2019,2019-04-16,"3136,69",16,Abril,4
2019,2019-04-15,"3109,32",15,Abril,4
2019,2019-04-14,"3109,32",14,Abril,4
2019,2019-04-13,"3109,32",13,Abril,4
2019,2019-04-12,"3113,91",12,Abril,4
2019,2019-04-11,"3095,66",11,Abril,4
2019,2019-04-10,"3105,2",10,Abril,4
2019,2019-04-09,"3115,22",9,Abril,4
2019,2019-04-08,"3126,2",8,Abril,4
2019,2019-04-07,"3126,2",7,Abril,4
2019,2019-04-06,"3126,2",6,Abril,4
2019,2019-04-05,"3132,78",5,Abril,4
2019,2019-04-04,"3128,47",4,Abril,4
2019,2019-04-03,"3143,36",3,Abril,4
2019,2019-04-02,"3146,81",2,Abril,4
2019,2019-04-01,"3174,79",1,Abril,4
2019,2019-03-31,"3174,79",31,Marzo,3
2019,2019-03-30,"3174,79",30,Marzo,3
2019,2019-03-29,"3190,94",29,Marzo,3
2019,2019-03-28,"3186,43",28,Marzo,3
2019,2019-03-27,"3145,55",27,Marzo,3
2019,2019-03-26,"3126,19",26,Marzo,3
2019,2019-03-25,"3126,19",25,Marzo,3
2019,2019-03-24,"3126,19",24,Marzo,3
2019,2019-03-23,"3126,19",23,Marzo,3
2019,2019-03-22,"3082,45",22,Marzo,3
2019,2019-03-21,"3092,39",21,Marzo,3
2019,2019-03-20,"3095,39",20,Marzo,3
2019,2019-03-19,"3102,25",19,Marzo,3
2019,2019-03-18,"3123,28",18,Marzo,3
2019,2019-03-17,"3123,28",17,Marzo,3
2019,2019-03-16,"3123,28",16,Marzo,3
2019,2019-03-15,"3144,42",15,Marzo,3
2019,2019-03-14,"3145,53",14,Marzo,3
2019,2019-03-13,"3153,2",13,Marzo,3
2019,2019-03-12,"3168,35",12,Marzo,3
2019,2019-03-11,"3162,4",11,Marzo,3
2019,2019-03-10,"3162,4",10,Marzo,3
2019,2019-03-09,"3162,4",9,Marzo,3
2019,2019-03-08,"3120,04",8,Marzo,3
2019,2019-03-07,"3106,16",7,Marzo,3
2019,2019-03-06,"3099,12",6,Marzo,3
2019,2019-03-05,"3093,79",5,Marzo,3
2019,2019-03-04,"3091,49",4,Marzo,3
2019,2019-03-03,"3091,49",3,Marzo,3
2019,2019-03-02,"3091,49",2,Marzo,3
2019,2019-03-01,"3077,35",1,Marzo,3
2019,2019-02-28,"3072,01",28,Febrero,2
2019,2019-02-27,"3095,29",27,Febrero,2
2019,2019-02-26,"3101,41",26,Febrero,2
2019,2019-02-25,"3110,29",25,Febrero,2
2019,2019-02-24,"3110,29",24,Febrero,2
2019,2019-02-23,"3110,29",23,Febrero,2
2019,2019-02-22,"3119,42",22,Febrero,2
2019,2019-02-21,"3112,18",21,Febrero,2
2019,2019-02-20,"3118,36",20,Febrero,2
2019,2019-02-19,"3141,4",19,Febrero,2
2019,2019-02-18,"3141,4",18,Febrero,2
2019,2019-02-17,"3141,4",17,Febrero,2
2019,2019-02-16,"3141,4",16,Febrero,2
2019,2019-02-15,"3155,27",15,Febrero,2
2019,2019-02-14,"3135,56",14,Febrero,2
2019,2019-02-13,"3131,1",13,Febrero,2
2019,2019-02-12,"3132,61",12,Febrero,2
2019,2019-02-11,"3115,94",11,Febrero,2
2019,2019-02-10,"3115,94",10,Febrero,2
2019,2019-02-09,"3115,94",9,Febrero,2
2019,2019-02-08,"3110,46",8,Febrero,2
2019,2019-02-07,"3108,54",7,Febrero,2
2019,2019-02-06,"3094,05",6,Febrero,2
2019,2019-02-05,"3089,4",5,Febrero,2
2019,2019-02-04,"3102,61",4,Febrero,2
2019,2019-02-03,"3102,61",3,Febrero,2
2019,2019-02-02,"3102,61",2,Febrero,2
2019,2019-02-01,"3115,7",1,Febrero,2
2019,2019-01-31,"3163,46",31,Enero,1
2019,2019-01-30,"3157,52",30,Enero,1
2019,2019-01-29,"3167,86",29,Enero,1
2019,2019-01-28,"3150,58",28,Enero,1
2019,2019-01-27,"3150,58",27,Enero,1
2019,2019-01-26,"3150,58",26,Enero,1
2019,2019-01-25,"3160,52",25,Enero,1
2019,2019-01-24,"3146,14",24,Enero,1
2019,2019-01-23,"3136,59",23,Enero,1
2019,2019-01-22,"3120,56",22,Enero,1
2019,2019-01-21,"3120,56",21,Enero,1
2019,2019-01-20,"3120,56",20,Enero,1
2019,2019-01-19,"3120,56",19,Enero,1
2019,2019-01-18,"3140,19",18,Enero,1
2019,2019-01-17,"3124,96",17,Enero,1
2019,2019-01-16,"3137,66",16,Enero,1
2019,2019-01-15,"3143,22",15,Enero,1
2019,2019-01-14,"3151,49",14,Enero,1
2019,2019-01-13,"3151,49",13,Enero,1
2019,2019-01-12,"3151,49",12,Enero,1
2019,2019-01-11,"3136,49",11,Enero,1
2019,2019-01-10,"3128,07",10,Enero,1
2019,2019-01-09,"3164,75",9,Enero,1
2019,2019-01-08,"3208,56",8,Enero,1
2019,2019-01-07,"3208,56",7,Enero,1
2019,2019-01-06,"3208,56",6,Enero,1
2019,2019-01-05,"3208,56",5,Enero,1
2019,2019-01-04,"3241,2",4,Enero,1
2019,2019-01-03,"3250,01",3,Enero,1
2019,2019-01-02,"3249,75",2,Enero,1
2019,2019-01-01,"3249,75",1,Enero,1
2018,2018-12-31,"3249,75",31,Diciembre,12
2018,2018-12-30,"3249,75",30,Diciembre,12
2018,2018-12-29,"3249,75",29,Diciembre,12
2018,2018-12-28,"3275,01",28,Diciembre,12
2018,2018-12-27,"3289,69",27,Diciembre,12
2018,2018-12-26,"3285,51",26,Diciembre,12
2018,2018-12-25,"3285,51",25,Diciembre,12
2018,2018-12-24,"3285,34",24,Diciembre,12
2018,2018-12-23,"3285,34",23,Diciembre,12
2018,2018-12-22,"3285,34",22,Diciembre,12
2018,2018-12-21,"3246,86",21,Diciembre,12
2018,2018-12-20,"3216,55",20,Diciembre,12
2018,2018-12-19,"3198,45",19,Diciembre,12
2018,2018-12-18,"3188,66",18,Diciembre,12
2018,2018-12-17,"3196,3",17,Diciembre,12
2018,2018-12-16,"3196,3",16,Diciembre,12
2018,2018-12-15,"3196,3",15,Diciembre,12
2018,2018-12-14,"3178,4",14,Diciembre,12
2018,2018-12-13,"3169,36",13,Diciembre,12
2018,2018-12-12,"3184,7",12,Diciembre,12
2018,2018-12-11,"3176,12",11,Diciembre,12
2018,2018-12-10,"3153,29",10,Diciembre,12
2018,2018-12-09,"3153,29",9,Diciembre,12
2018,2018-12-08,"3153,29",8,Diciembre,12
2018,2018-12-07,"3187,86",7,Diciembre,12
2018,2018-12-06,"3162,29",6,Diciembre,12
2018,2018-12-05,"3174,11",5,Diciembre,12
2018,2018-12-04,"3196,15",4,Diciembre,12
2018,2018-12-03,"3235,27",3,Diciembre,12
2018,2018-12-02,"3235,27",2,Diciembre,12
2018,2018-12-01,"3235,27",1,Diciembre,12
2018,2018-11-30,"3240,02",30,Noviembre,11
2018,2018-11-29,"3274,47",29,Noviembre,11
2018,2018-11-28,"3250,56",28,Noviembre,11
2018,2018-11-27,"3240,65",27,Noviembre,11
2018,2018-11-26,"3223,95",26,Noviembre,11
2018,2018-11-25,"3223,95",25,Noviembre,11
2018,2018-11-24,"3223,95",24,Noviembre,11
2018,2018-11-23,"3196,26",23,Noviembre,11
2018,2018-11-22,"3196,26",22,Noviembre,11
2018,2018-11-21,"3189,51",21,Noviembre,11
2018,2018-11-20,"3178,81",20,Noviembre,11
2018,2018-11-19,"3173,59",19,Noviembre,11
2018,2018-11-18,"3173,59",18,Noviembre,11
2018,2018-11-17,"3173,59",17,Noviembre,11
2018,2018-11-16,"3198,29",16,Noviembre,11
2018,2018-11-15,"3194,7",15,Noviembre,11
2018,2018-11-14,"3197,2",14,Noviembre,11
2018,2018-11-13,"3176,89",13,Noviembre,11
2018,2018-11-12,"3176,89",12,Noviembre,11
2018,2018-11-11,"3176,89",11,Noviembre,11
2018,2018-11-10,"3176,89",10,Noviembre,11
2018,2018-11-09,"3145,39",9,Noviembre,11
2018,2018-11-08,"3140,25",8,Noviembre,11
2018,2018-11-07,"3154,55",7,Noviembre,11
2018,2018-11-06,"3177,57",6,Noviembre,11
2018,2018-11-05,"3177,57",5,Noviembre,11
2018,2018-11-04,"3177,57",4,Noviembre,11
2018,2018-11-03,"3177,57",3,Noviembre,11
2018,2018-11-02,"3193,8",2,Noviembre,11
2018,2018-11-01,"3219,85",1,Noviembre,11
2018,2018-10-31,"3202,44",31,Octubre,10
2018,2018-10-30,"3188,69",30,Octubre,10
2018,2018-10-29,"3185,26",29,Octubre,10
2018,2018-10-28,"3185,26",28,Octubre,10
2018,2018-10-27,"3185,26",27,Octubre,10
2018,2018-10-26,"3167,18",26,Octubre,10
2018,2018-10-25,"3149,7",25,Octubre,10
2018,2018-10-24,"3110,2",24,Octubre,10
2018,2018-10-23,"3087,58",23,Octubre,10
2018,2018-10-22,"3079,88",22,Octubre,10
2018,2018-10-21,"3079,88",21,Octubre,10
2018,2018-10-20,"3079,88",20,Octubre,10
2018,2018-10-19,"3088,47",19,Octubre,10
2018,2018-10-18,"3056,37",18,Octubre,10
2018,2018-10-17,"3055,93",17,Octubre,10
2018,2018-10-16,"3088,78",16,Octubre,10
2018,2018-10-15,"3088,78",15,Octubre,10
2018,2018-10-14,"3088,78",14,Octubre,10
2018,2018-10-13,"3088,78",13,Octubre,10
2018,2018-10-12,"3087,34",12,Octubre,10
2018,2018-10-11,"3090,3",11,Octubre,10
2018,2018-10-10,"3057,55",10,Octubre,10
2018,2018-10-09,"3031,31",9,Octubre,10
2018,2018-10-08,"3031,31",8,Octubre,10
2018,2018-10-07,"3031,31",7,Octubre,10
2018,2018-10-06,"3031,31",6,Octubre,10
2018,2018-10-05,"3028,16",5,Octubre,10
2018,2018-10-04,"3012,65",4,Octubre,10
2018,2018-10-03,"3005,5",3,Octubre,10
2018,2018-10-02,"2993,74",2,Octubre,10
2018,2018-10-01,"2972,18",1,Octubre,10
2018,2018-09-30,"2972,18",30,Septiembre,9
2018,2018-09-29,"2972,18",29,Septiembre,9
2018,2018-09-28,"2989,58",28,Septiembre,9
2018,2018-09-27,"3000,14",27,Septiembre,9
2018,2018-09-26,"3001,88",26,Septiembre,9
2018,2018-09-25,"2991,9",25,Septiembre,9
2018,2018-09-24,"3006,96",24,Septiembre,9
2018,2018-09-23,"3006,96",23,Septiembre,9
2018,2018-09-22,"3006,96",22,Septiembre,9
2018,2018-09-21,"3014,18",21,Septiembre,9
2018,2018-09-20,"3018,63",20,Septiembre,9
2018,2018-09-19,"3007,03",19,Septiembre,9
2018,2018-09-18,"3013,38",18,Septiembre,9
2018,2018-09-17,"3026,05",17,Septiembre,9
2018,2018-09-16,"3026,05",16,Septiembre,9
2018,2018-09-15,"3026,05",15,Septiembre,9
2018,2018-09-14,"3019,38",14,Septiembre,9
2018,2018-09-13,"3055,01",13,Septiembre,9
2018,2018-09-12,"3087,73",12,Septiembre,9
2018,2018-09-11,"3069,49",11,Septiembre,9
2018,2018-09-10,"3070,15",10,Septiembre,9
2018,2018-09-09,"3070,15",9,Septiembre,9
2018,2018-09-08,"3070,15",8,Septiembre,9
2018,2018-09-07,"3089,47",7,Septiembre,9
2018,2018-09-06,"3100,37",6,Septiembre,9
2018,2018-09-05,"3088,47",5,Septiembre,9
2018,2018-09-04,"3053,14",4,Septiembre,9
2018,2018-09-03,"3053,14",3,Septiembre,9
2018,2018-09-02,"3053,14",2,Septiembre,9
2018,2018-09-01,"3053,14",1,Septiembre,9
2018,2018-08-31,"3027,39",31,Agosto,8
2018,2018-08-30,"2999,57",30,Agosto,8
2018,2018-08-29,2966,29,Agosto,8
2018,2018-08-28,"2934,31",28,Agosto,8
2018,2018-08-27,"2958,45",27,Agosto,8
2018,2018-08-26,"2958,45",26,Agosto,8
2018,2018-08-25,"2958,45",25,Agosto,8
2018,2018-08-24,"2980,64",24,Agosto,8
2018,2018-08-23,"2965,45",23,Agosto,8
2018,2018-08-22,"2990,78",22,Agosto,8
2018,2018-08-21,"3024,02",21,Agosto,8
2018,2018-08-20,"3024,02",20,Agosto,8
2018,2018-08-19,"3024,02",19,Agosto,8
2018,2018-08-18,"3024,02",18,Agosto,8
2018,2018-08-17,"3019,55",17,Agosto,8
2018,2018-08-16,"3046,76",16,Agosto,8
2018,2018-08-15,"3002,66",15,Agosto,8
2018,2018-08-14,"2983,93",14,Agosto,8
2018,2018-08-13,"2940,95",13,Agosto,8
2018,2018-08-12,"2940,95",12,Agosto,8
2018,2018-08-11,"2940,95",11,Agosto,8
2018,2018-08-10,"2919,44",10,Agosto,8
2018,2018-08-09,"2908,9",9,Agosto,8
2018,2018-08-08,"2898,86",8,Agosto,8
2018,2018-08-07,"2898,86",7,Agosto,8
2018,2018-08-06,"2898,99",6,Agosto,8
2018,2018-08-05,"2898,99",5,Agosto,8
2018,2018-08-04,"2898,99",4,Agosto,8
2018,2018-08-03,"2904,9",3,Agosto,8
2018,2018-08-02,"2892,62",2,Agosto,8
2018,2018-08-01,"2886,8",1,Agosto,8
2018,2018-07-31,"2875,72",31,Julio,7
2018,2018-07-30,"2880,79",30,Julio,7
2018,2018-07-29,"2880,79",29,Julio,7
2018,2018-07-28,"2880,79",28,Julio,7
2018,2018-07-27,"2886,21",27,Julio,7
2018,2018-07-26,"2882,84",26,Julio,7
2018,2018-07-25,"2898,36",25,Julio,7
2018,2018-07-24,"2897,73",24,Julio,7
2018,2018-07-23,"2883,81",23,Julio,7
2018,2018-07-22,"2883,81",22,Julio,7
2018,2018-07-21,"2883,81",21,Julio,7
2018,2018-07-20,"2883,81",20,Julio,7
2018,2018-07-19,"2876,93",19,Julio,7
2018,2018-07-18,"2878,28",18,Julio,7
2018,2018-07-17,"2868,96",17,Julio,7
2018,2018-07-16,"2861,7",16,Julio,7
2018,2018-07-15,"2861,7",15,Julio,7
2018,2018-07-14,"2861,7",14,Julio,7
2018,2018-07-13,"2882,02",13,Julio,7
2018,2018-07-12,"2880,1",12,Julio,7
2018,2018-07-11,"2872,62",11,Julio,7
2018,2018-07-10,"2881,09",10,Julio,7
2018,2018-07-09,"2867,94",9,Julio,7
2018,2018-07-08,"2867,94",8,Julio,7
2018,2018-07-07,"2867,94",7,Julio,7
2018,2018-07-06,"2885,53",6,Julio,7
2018,2018-07-05,"2909,83",5,Julio,7
2018,2018-07-04,"2909,83",4,Julio,7
2018,2018-07-03,"2930,8",3,Julio,7
2018,2018-07-02,"2930,8",2,Julio,7
2018,2018-07-01,"2930,8",1,Julio,7
2018,2018-06-30,"2930,8",30,Junio,6
2018,2018-06-29,"2945,09",29,Junio,6
2018,2018-06-28,"2934,91",28,Junio,6
2018,2018-06-27,"2924,1",27,Junio,6
2018,2018-06-26,"2927,67",26,Junio,6
2018,2018-06-25,"2918,22",25,Junio,6
2018,2018-06-24,"2918,22",24,Junio,6
2018,2018-06-23,"2918,22",23,Junio,6
2018,2018-06-22,"2944,82",22,Junio,6
2018,2018-06-21,"2916,49",21,Junio,6
2018,2018-06-20,"2931,78",20,Junio,6
2018,2018-06-19,"2919,14",19,Junio,6
2018,2018-06-18,"2890,06",18,Junio,6
2018,2018-06-17,"2890,06",17,Junio,6
2018,2018-06-16,"2890,06",16,Junio,6
2018,2018-06-15,"2859,78",15,Junio,6
2018,2018-06-14,"2859,17",14,Junio,6
2018,2018-06-13,"2857,11",13,Junio,6
2018,2018-06-12,"2855,8",12,Junio,6
2018,2018-06-11,"2855,8",11,Junio,6
2018,2018-06-10,"2855,8",10,Junio,6
2018,2018-06-09,"2855,8",9,Junio,6
2018,2018-06-08,"2835,78",8,Junio,6
2018,2018-06-07,"2828,42",7,Junio,6
2018,2018-06-06,"2865,37",6,Junio,6
2018,2018-06-05,"2868,22",5,Junio,6
2018,2018-06-04,"2868,22",4,Junio,6
2018,2018-06-03,"2868,22",3,Junio,6
2018,2018-06-02,"2868,22",2,Junio,6
2018,2018-06-01,"2889,32",1,Junio,6
2018,2018-05-31,"2879,32",31,Mayo,5
2018,2018-05-30,"2893,82",30,Mayo,5
2018,2018-05-29,"2887,16",29,Mayo,5
2018,2018-05-28,"2887,16",28,Mayo,5
2018,2018-05-27,"2887,16",27,Mayo,5
2018,2018-05-26,"2887,16",26,Mayo,5
2018,2018-05-25,"2863,12",25,Mayo,5
2018,2018-05-24,"2863,24",24,Mayo,5
2018,2018-05-23,"2851,42",23,Mayo,5
2018,2018-05-22,"2897,37",22,Mayo,5
2018,2018-05-21,"2925,67",21,Mayo,5
2018,2018-05-20,"2925,67",20,Mayo,5
2018,2018-05-19,"2925,67",19,Mayo,5
2018,2018-05-18,"2886,23",18,Mayo,5
2018,2018-05-17,"2865,37",17,Mayo,5
2018,2018-05-16,"2889,87",16,Mayo,5
2018,2018-05-15,"2824,05",15,Mayo,5
2018,2018-05-14,"2824,05",14,Mayo,5
2018,2018-05-13,"2824,05",13,Mayo,5
2018,2018-05-12,"2824,05",12,Mayo,5
2018,2018-05-11,"2822,37",11,Mayo,5
2018,2018-05-10,"2859,51",10,Mayo,5
2018,2018-05-09,2866,9,Mayo,5
2018,2018-05-08,"2817,2",8,Mayo,5
2018,2018-05-07,"2843,41",7,Mayo,5
2018,2018-05-06,"2843,41",6,Mayo,5
2018,2018-05-05,"2843,41",5,Mayo,5
2018,2018-05-04,"2857,85",4,Mayo,5
2018,2018-05-03,"2831,99",3,Mayo,5
2018,2018-05-02,"2809,92",2,Mayo,5
2018,2018-05-01,"2809,92",1,Mayo,5
2018,2018-04-30,"2806,28",30,Abril,4
2018,2018-04-29,"2806,28",29,Abril,4
2018,2018-04-28,"2806,28",28,Abril,4
2018,2018-04-27,"2812,83",27,Abril,4
2018,2018-04-26,"2820,29",26,Abril,4
2018,2018-04-25,"2785,22",25,Abril,4
2018,2018-04-24,"2799,45",24,Abril,4
2018,2018-04-23,"2757,96",23,Abril,4
2018,2018-04-22,"2757,96",22,Abril,4
2018,2018-04-21,"2757,96",21,Abril,4
2018,2018-04-20,"2724,47",20,Abril,4
2018,2018-04-19,"2705,64",19,Abril,4
2018,2018-04-18,"2725,66",18,Abril,4
2018,2018-04-17,"2726,47",17,Abril,4
2018,2018-04-16,"2705,34",16,Abril,4
2018,2018-04-15,"2705,34",15,Abril,4
2018,2018-04-14,"2705,34",14,Abril,4
2018,2018-04-13,"2710,03",13,Abril,4
2018,2018-04-12,"2733,24",12,Abril,4
2018,2018-04-11,"2767,82",11,Abril,4
2018,2018-04-10,"2781,95",10,Abril,4
2018,2018-04-09,"2791,88",9,Abril,4
2018,2018-04-08,"2791,88",8,Abril,4
2018,2018-04-07,"2791,88",7,Abril,4
2018,2018-04-06,"2787,36",6,Abril,4
2018,2018-04-05,"2791,57",5,Abril,4
2018,2018-04-04,"2778,27",4,Abril,4
2018,2018-04-03,"2792,96",3,Abril,4
2018,2018-04-02,"2780,47",2,Abril,4
2018,2018-04-01,"2780,47",1,Abril,4
2018,2018-03-31,"2780,47",31,Marzo,3
2018,2018-03-30,"2780,47",30,Marzo,3
2018,2018-03-29,"2780,47",29,Marzo,3
2018,2018-03-28,"2780,04",28,Marzo,3
2018,2018-03-27,"2816,33",27,Marzo,3
2018,2018-03-26,"2849,01",26,Marzo,3
2018,2018-03-25,"2849,01",25,Marzo,3
2018,2018-03-24,"2849,01",24,Marzo,3
2018,2018-03-23,"2857,88",23,Marzo,3
2018,2018-03-22,"2850,69",22,Marzo,3
2018,2018-03-21,"2866,92",21,Marzo,3
2018,2018-03-20,"2852,48",20,Marzo,3
2018,2018-03-19,"2852,48",19,Marzo,3
2018,2018-03-18,"2852,48",18,Marzo,3
2018,2018-03-17,"2852,48",17,Marzo,3
2018,2018-03-16,"2850,04",16,Marzo,3
2018,2018-03-15,"2845,76",15,Marzo,3
2018,2018-03-14,"2848,38",14,Marzo,3
2018,2018-03-13,"2851,84",13,Marzo,3
2018,2018-03-12,"2866,93",12,Marzo,3
2018,2018-03-11,"2866,93",11,Marzo,3
2018,2018-03-10,"2866,93",10,Marzo,3
2018,2018-03-09,"2871,36",9,Marzo,3
2018,2018-03-08,"2858,88",8,Marzo,3
2018,2018-03-07,"2845,05",7,Marzo,3
2018,2018-03-06,"2859,09",6,Marzo,3
2018,2018-03-05,"2879,15",5,Marzo,3
2018,2018-03-04,"2879,15",4,Marzo,3
2018,2018-03-03,"2879,15",3,Marzo,3
2018,2018-03-02,"2879,05",2,Marzo,3
2018,2018-03-01,"2867,94",1,Marzo,3
2018,2018-02-28,"2855,93",28,Febrero,2
2018,2018-02-27,"2849,91",27,Febrero,2
2018,2018-02-26,"2849,59",26,Febrero,2
2018,2018-02-25,"2849,59",25,Febrero,2
2018,2018-02-24,"2849,59",24,Febrero,2
2018,2018-02-23,"2877,04",23,Febrero,2
2018,2018-02-22,"2877,94",22,Febrero,2
2018,2018-02-21,"2862,01",21,Febrero,2
2018,2018-02-20,"2853,16",20,Febrero,2
2018,2018-02-19,"2853,16",19,Febrero,2
2018,2018-02-18,"2853,16",18,Febrero,2
2018,2018-02-17,"2853,16",17,Febrero,2
2018,2018-02-16,"2851,74",16,Febrero,2
2018,2018-02-15,"2895,79",15,Febrero,2
2018,2018-02-14,"2904,71",14,Febrero,2
2018,2018-02-13,"2904,29",13,Febrero,2
2018,2018-02-12,"2908,7",12,Febrero,2
2018,2018-02-11,"2908,7",11,Febrero,2
2018,2018-02-10,"2908,7",10,Febrero,2
2018,2018-02-09,"2862,78",9,Febrero,2
2018,2018-02-08,"2830,89",8,Febrero,2
2018,2018-02-07,"2844,83",7,Febrero,2
2018,2018-02-06,"2843,6",6,Febrero,2
2018,2018-02-05,"2832,13",5,Febrero,2
2018,2018-02-04,"2832,13",4,Febrero,2
2018,2018-02-03,"2832,13",3,Febrero,2
2018,2018-02-02,"2806,67",2,Febrero,2
2018,2018-02-01,"2835,05",1,Febrero,2
2018,2018-01-31,"2844,14",31,Enero,1
2018,2018-01-30,"2842,67",30,Enero,1
2018,2018-01-29,"2805,12",29,Enero,1
2018,2018-01-28,"2805,12",28,Enero,1
2018,2018-01-27,"2805,12",27,Enero,1
2018,2018-01-26,"2783,13",26,Enero,1
2018,2018-01-25,"2820,53",25,Enero,1
2018,2018-01-24,"2858,5",24,Enero,1
2018,2018-01-23,"2854,2",23,Enero,1
2018,2018-01-22,"2851,75",22,Enero,1
2018,2018-01-21,"2851,75",21,Enero,1
2018,2018-01-20,"2851,75",20,Enero,1
2018,2018-01-19,"2836,85",19,Enero,1
2018,2018-01-18,"2851,13",18,Enero,1
2018,2018-01-17,"2868,03",17,Enero,1
2018,2018-01-16,"2855,86",16,Enero,1
2018,2018-01-15,"2855,86",15,Enero,1
2018,2018-01-14,"2855,86",14,Enero,1
2018,2018-01-13,"2855,86",13,Enero,1
2018,2018-01-12,"2865,79",12,Enero,1
2018,2018-01-11,"2895,69",11,Enero,1
2018,2018-01-10,"2914,37",10,Enero,1
2018,2018-01-09,"2898,32",9,Enero,1
2018,2018-01-08,"2898,32",8,Enero,1
2018,2018-01-07,"2898,32",7,Enero,1
2018,2018-01-06,"2898,32",6,Enero,1
2018,2018-01-05,"2885,76",5,Enero,1
2018,2018-01-04,"2908,68",4,Enero,1
2018,2018-01-03,"2940,94",3,Enero,1
2018,2018-01-02,2984,2,Enero,1
2018,2018-01-01,2984,1,Enero,1
2017,2017-12-31,2984,31,Diciembre,12
2017,2017-12-30,2984,30,Diciembre,12
2017,2017-12-29,2984,29,Diciembre,12
2017,2017-12-28,"2971,63",28,Diciembre,12
2017,2017-12-27,"2962,26",27,Diciembre,12
2017,2017-12-26,"2962,14",26,Diciembre,12
2017,2017-12-25,"2962,14",25,Diciembre,12
2017,2017-12-24,"2962,14",24,Diciembre,12
2017,2017-12-23,"2962,14",23,Diciembre,12
2017,2017-12-22,"2963,58",22,Diciembre,12
2017,2017-12-21,"2965,77",21,Diciembre,12
2017,2017-12-20,"2972,05",20,Diciembre,12
2017,2017-12-19,"2975,59",19,Diciembre,12
2017,2017-12-18,"2996,61",18,Diciembre,12
2017,2017-12-17,"2996,61",17,Diciembre,12
2017,2017-12-16,"2996,61",16,Diciembre,12
2017,2017-12-15,"2999,07",15,Diciembre,12
2017,2017-12-14,"3015,41",14,Diciembre,12
2017,2017-12-13,"3029,75",13,Diciembre,12
2017,2017-12-12,"3013,99",12,Diciembre,12
2017,2017-12-11,"3016,18",11,Diciembre,12
2017,2017-12-10,"3016,18",10,Diciembre,12
2017,2017-12-09,"3016,18",9,Diciembre,12
2017,2017-12-08,"3016,18",8,Diciembre,12
2017,2017-12-07,"3007,07",7,Diciembre,12
2017,2017-12-06,"2996,53",6,Diciembre,12
2017,2017-12-05,"2993,49",5,Diciembre,12
2017,2017-12-04,"3005,76",4,Diciembre,12
2017,2017-12-03,"3005,76",3,Diciembre,12
2017,2017-12-02,"3005,76",2,Diciembre,12
2017,2017-12-01,"3006,04",1,Diciembre,12
2017,2017-11-30,"3006,09",30,Noviembre,11
2017,2017-11-29,"3003,94",29,Noviembre,11
2017,2017-11-28,"2986,84",28,Noviembre,11
2017,2017-11-27,"2976,39",27,Noviembre,11
2017,2017-11-26,"2976,39",26,Noviembre,11
2017,2017-11-25,"2976,39",25,Noviembre,11
2017,2017-11-24,"2982,73",24,Noviembre,11
2017,2017-11-23,"2982,73",23,Noviembre,11
2017,2017-11-22,"3001,07",22,Noviembre,11
2017,2017-11-21,"3011,32",21,Noviembre,11
2017,2017-11-20,"3003,19",20,Noviembre,11
2017,2017-11-19,"3003,19",19,Noviembre,11
2017,2017-11-18,"3003,19",18,Noviembre,11
2017,2017-11-17,"3015,79",17,Noviembre,11
2017,2017-11-16,"3023,88",16,Noviembre,11
2017,2017-11-15,"3016,7",15,Noviembre,11
2017,2017-11-14,"3004,88",14,Noviembre,11
2017,2017-11-13,"3004,88",13,Noviembre,11
2017,2017-11-12,"3004,88",12,Noviembre,11
2017,2017-11-11,"3004,88",11,Noviembre,11
2017,2017-11-10,"3015,52",10,Noviembre,11
2017,2017-11-09,"3017,78",9,Noviembre,11
2017,2017-11-08,"3026,94",8,Noviembre,11
2017,2017-11-07,"3055,57",7,Noviembre,11
2017,2017-11-06,"3055,57",6,Noviembre,11
2017,2017-11-05,"3055,57",5,Noviembre,11
2017,2017-11-04,"3055,57",4,Noviembre,11
2017,2017-11-03,"3054,38",3,Noviembre,11
2017,2017-11-02,"3038,56",2,Noviembre,11
2017,2017-11-01,"3039,19",1,Noviembre,11
2017,2017-10-31,"3011,44",31,Octubre,10
2017,2017-10-30,"3009,85",30,Octubre,10
2017,2017-10-29,"3009,85",29,Octubre,10
2017,2017-10-28,"3009,85",28,Octubre,10
2017,2017-10-27,"3008,8",27,Octubre,10
2017,2017-10-26,"2989,39",26,Octubre,10
2017,2017-10-25,"2971,36",25,Octubre,10
2017,2017-10-24,"2947,69",24,Octubre,10
2017,2017-10-23,"2936,66",23,Octubre,10
2017,2017-10-22,"2936,66",22,Octubre,10
2017,2017-10-21,"2936,66",21,Octubre,10
2017,2017-10-20,"2921,92",20,Octubre,10
2017,2017-10-19,"2935,66",19,Octubre,10
2017,2017-10-18,"2944,27",18,Octubre,10
2017,2017-10-17,"2932,05",17,Octubre,10
2017,2017-10-16,"2932,05",16,Octubre,10
2017,2017-10-15,"2932,05",15,Octubre,10
2017,2017-10-14,"2932,05",14,Octubre,10
2017,2017-10-13,"2949,69",13,Octubre,10
2017,2017-10-12,"2953,77",12,Octubre,10
2017,2017-10-11,"2947,06",11,Octubre,10
2017,2017-10-10,"2942,19",10,Octubre,10
2017,2017-10-09,"2942,19",9,Octubre,10
2017,2017-10-08,"2942,19",8,Octubre,10
2017,2017-10-07,"2942,19",7,Octubre,10
2017,2017-10-06,"2926,82",6,Octubre,10
2017,2017-10-05,"2945,59",5,Octubre,10
2017,2017-10-04,"2953,81",4,Octubre,10
2017,2017-10-03,"2949,33",3,Octubre,10
2017,2017-10-02,"2936,67",2,Octubre,10
2017,2017-10-01,"2936,67",1,Octubre,10
2017,2017-09-30,"2936,67",30,Septiembre,9
2017,2017-09-29,"2941,07",29,Septiembre,9
2017,2017-09-28,"2940,66",28,Septiembre,9
2017,2017-09-27,"2930,7",27,Septiembre,9
2017,2017-09-26,"2924,57",26,Septiembre,9
2017,2017-09-25,"2900,73",25,Septiembre,9
2017,2017-09-24,"2900,73",24,Septiembre,9
2017,2017-09-23,"2900,73",23,Septiembre,9
2017,2017-09-22,"2913,96",22,Septiembre,9
2017,2017-09-21,"2893,18",21,Septiembre,9
2017,2017-09-20,"2904,6",20,Septiembre,9
2017,2017-09-19,"2906,06",19,Septiembre,9
2017,2017-09-18,"2897,83",18,Septiembre,9
2017,2017-09-17,"2897,83",17,Septiembre,9
2017,2017-09-16,"2897,83",16,Septiembre,9
2017,2017-09-15,"2905,98",15,Septiembre,9
2017,2017-09-14,"2909,52",14,Septiembre,9
2017,2017-09-13,"2923,03",13,Septiembre,9
2017,2017-09-12,"2916,1",12,Septiembre,9
2017,2017-09-11,"2909,15",11,Septiembre,9
2017,2017-09-10,"2909,15",10,Septiembre,9
2017,2017-09-09,"2909,15",9,Septiembre,9
2017,2017-09-08,"2907,96",8,Septiembre,9
2017,2017-09-07,"2919,5",7,Septiembre,9
2017,2017-09-06,"2923,49",6,Septiembre,9
2017,2017-09-05,"2936,07",5,Septiembre,9
2017,2017-09-04,"2936,07",4,Septiembre,9
2017,2017-09-03,"2936,07",3,Septiembre,9
2017,2017-09-02,"2936,07",2,Septiembre,9
2017,2017-09-01,"2948,09",1,Septiembre,9
2017,2017-08-31,"2937,09",31,Agosto,8
2017,2017-08-30,"2940,35",30,Agosto,8
2017,2017-08-29,"2934,23",29,Agosto,8
2017,2017-08-28,"2933,96",28,Agosto,8
2017,2017-08-27,"2933,96",27,Agosto,8
2017,2017-08-26,"2933,96",26,Agosto,8
2017,2017-08-25,"2972,98",25,Agosto,8
2017,2017-08-24,"2986,88",24,Agosto,8
2017,2017-08-23,"2986,83",23,Agosto,8
2017,2017-08-22,"2994,39",22,Agosto,8
2017,2017-08-21,"2994,39",21,Agosto,8
2017,2017-08-20,"2994,39",20,Agosto,8
2017,2017-08-19,"2994,39",19,Agosto,8
2017,2017-08-18,"2980,03",18,Agosto,8
2017,2017-08-17,"2967,32",17,Agosto,8
2017,2017-08-16,"2974,7",16,Agosto,8
2017,2017-08-15,"2966,54",15,Agosto,8
2017,2017-08-14,"2984,99",14,Agosto,8
2017,2017-08-13,"2984,99",13,Agosto,8
2017,2017-08-12,"2984,99",12,Agosto,8
2017,2017-08-11,"2994,85",11,Agosto,8
2017,2017-08-10,"3011,14",10,Agosto,8
2017,2017-08-09,"2994,62",9,Agosto,8
2017,2017-08-08,"2974,39",8,Agosto,8
2017,2017-08-07,"2974,39",7,Agosto,8
2017,2017-08-06,"2974,39",6,Agosto,8
2017,2017-08-05,"2974,39",5,Agosto,8
2017,2017-08-04,"2954,54",4,Agosto,8
2017,2017-08-03,"2964,66",3,Agosto,8
2017,2017-08-02,"2973,03",2,Agosto,8
2017,2017-08-01,"2997,59",1,Agosto,8
2017,2017-07-31,"2995,23",31,Julio,7
2017,2017-07-30,"2995,23",30,Julio,7
2017,2017-07-29,"2995,23",29,Julio,7
2017,2017-07-28,"3002,94",28,Julio,7
2017,2017-07-27,"3026,22",27,Julio,7
2017,2017-07-26,"3026,55",26,Julio,7
2017,2017-07-25,"3023,67",25,Julio,7
2017,2017-07-24,"3010,77",24,Julio,7
2017,2017-07-23,"3010,77",23,Julio,7
2017,2017-07-22,"3010,77",22,Julio,7
2017,2017-07-21,3010,21,Julio,7
2017,2017-07-20,3010,20,Julio,7
2017,2017-07-19,"3013,26",19,Julio,7
2017,2017-07-18,"3030,6",18,Julio,7
2017,2017-07-17,"3019,56",17,Julio,7
2017,2017-07-16,"3019,56",16,Julio,7
2017,2017-07-15,"3019,56",15,Julio,7
2017,2017-07-14,"3043,6",14,Julio,7
2017,2017-07-13,"3052,3",13,Julio,7
2017,2017-07-12,"3067,73",12,Julio,7
2017,2017-07-11,"3067,33",11,Julio,7
2017,2017-07-10,"3092,65",10,Julio,7
2017,2017-07-09,"3092,65",9,Julio,7
2017,2017-07-08,"3092,65",8,Julio,7
2017,2017-07-07,"3084,19",7,Julio,7
2017,2017-07-06,"3068,93",6,Julio,7
2017,2017-07-05,"3050,43",5,Julio,7
2017,2017-07-04,"3050,43",4,Julio,7
2017,2017-07-03,"3050,43",3,Julio,7
2017,2017-07-02,"3050,43",2,Julio,7
2017,2017-07-01,"3050,43",1,Julio,7
2017,2017-06-30,"3038,26",30,Junio,6
2017,2017-06-29,"3023,64",29,Junio,6
2017,2017-06-28,"3025,28",28,Junio,6
2017,2017-06-27,"3010,68",27,Junio,6
2017,2017-06-26,"3010,68",26,Junio,6
2017,2017-06-25,"3010,68",25,Junio,6
2017,2017-06-24,"3010,68",24,Junio,6
2017,2017-06-23,"3035,83",23,Junio,6
2017,2017-06-22,"3053,9",22,Junio,6
2017,2017-06-21,"3029,53",21,Junio,6
2017,2017-06-20,"2961,68",20,Junio,6
2017,2017-06-19,"2961,68",19,Junio,6
2017,2017-06-18,"2961,68",18,Junio,6
2017,2017-06-17,"2961,68",17,Junio,6
2017,2017-06-16,"2953,83",16,Junio,6
2017,2017-06-15,"2924,75",15,Junio,6
2017,2017-06-14,"2933,13",14,Junio,6
2017,2017-06-13,"2929,2",13,Junio,6
2017,2017-06-12,"2919,58",12,Junio,6
2017,2017-06-11,"2919,58",11,Junio,6
2017,2017-06-10,"2919,58",10,Junio,6
2017,2017-06-09,"2919,82",9,Junio,6
2017,2017-06-08,"2907,1",8,Junio,6
2017,2017-06-07,"2893,76",7,Junio,6
2017,2017-06-06,"2895,85",6,Junio,6
2017,2017-06-05,"2894,72",5,Junio,6
2017,2017-06-04,"2894,72",4,Junio,6
2017,2017-06-03,"2894,72",3,Junio,6
2017,2017-06-02,"2895,73",2,Junio,6
2017,2017-06-01,2921,1,Junio,6
2017,2017-05-31,"2920,42",31,Mayo,5
2017,2017-05-30,"2913,47",30,Mayo,5
2017,2017-05-29,"2913,47",29,Mayo,5
2017,2017-05-28,"2913,47",28,Mayo,5
2017,2017-05-27,"2913,47",27,Mayo,5
2017,2017-05-26,"2911,66",26,Mayo,5
2017,2017-05-25,"2905,29",25,Mayo,5
2017,2017-05-24,"2904,61",24,Mayo,5
2017,2017-05-23,"2895,12",23,Mayo,5
2017,2017-05-22,"2889,45",22,Mayo,5
2017,2017-05-21,"2889,45",21,Mayo,5
2017,2017-05-20,"2889,45",20,Mayo,5
2017,2017-05-19,"2932,16",19,Mayo,5
2017,2017-05-18,"2893,4",18,Mayo,5
2017,2017-05-17,"2873,22",17,Mayo,5
2017,2017-05-16,"2883,87",16,Mayo,5
2017,2017-05-15,"2918,69",15,Mayo,5
2017,2017-05-14,"2918,69",14,Mayo,5
2017,2017-05-13,"2918,69",13,Mayo,5
2017,2017-05-12,"2933,92",12,Mayo,5
2017,2017-05-11,"2949,35",11,Mayo,5
2017,2017-05-10,"2967,24",10,Mayo,5
2017,2017-05-09,"2959,26",9,Mayo,5
2017,2017-05-08,"2961,78",8,Mayo,5
2017,2017-05-07,"2961,78",7,Mayo,5
2017,2017-05-06,"2961,78",6,Mayo,5
2017,2017-05-05,"2967,44",5,Mayo,5
2017,2017-05-04,"2930,17",4,Mayo,5
2017,2017-05-03,"2945,53",3,Mayo,5
2017,2017-05-02,"2947,85",2,Mayo,5
2017,2017-05-01,"2947,85",1,Mayo,5
2017,2017-04-30,"2947,85",30,Abril,4
2017,2017-04-29,"2947,85",29,Abril,4
2017,2017-04-28,"2944,31",28,Abril,4
2017,2017-04-27,"2928,07",27,Abril,4
2017,2017-04-26,"2899,13",26,Abril,4
2017,2017-04-25,"2871,98",25,Abril,4
2017,2017-04-24,"2868,89",24,Abril,4
2017,2017-04-23,"2868,89",23,Abril,4
2017,2017-04-22,"2868,89",22,Abril,4
2017,2017-04-21,"2863,39",21,Abril,4
2017,2017-04-20,"2856,48",20,Abril,4
2017,2017-04-19,"2837,9",19,Abril,4
2017,2017-04-18,"2854,89",18,Abril,4
2017,2017-04-17,"2872,55",17,Abril,4
2017,2017-04-16,"2872,55",16,Abril,4
2017,2017-04-15,"2872,55",15,Abril,4
2017,2017-04-14,"2872,55",14,Abril,4
2017,2017-04-13,"2872,55",13,Abril,4
2017,2017-04-12,"2868,6",12,Abril,4
2017,2017-04-11,"2867,13",11,Abril,4
2017,2017-04-10,2858,10,Abril,4
2017,2017-04-09,2858,9,Abril,4
2017,2017-04-08,2858,8,Abril,4
2017,2017-04-07,"2853,1",7,Abril,4
2017,2017-04-06,"2857,65",6,Abril,4
2017,2017-04-05,"2869,32",5,Abril,4
2017,2017-04-04,"2866,87",4,Abril,4
2017,2017-04-03,"2885,57",3,Abril,4
2017,2017-04-02,"2885,57",2,Abril,4
2017,2017-04-01,"2885,57",1,Abril,4
2017,2017-03-31,"2880,24",31,Marzo,3
2017,2017-03-30,"2888,02",30,Marzo,3
2017,2017-03-29,"2911,99",29,Marzo,3
2017,2017-03-28,"2913,48",28,Marzo,3
2017,2017-03-27,"2899,94",27,Marzo,3
2017,2017-03-26,"2899,94",26,Marzo,3
2017,2017-03-25,"2899,94",25,Marzo,3
2017,2017-03-24,"2921,25",24,Marzo,3
2017,2017-03-23,"2936,82",23,Marzo,3
2017,2017-03-22,"2904,87",22,Marzo,3
2017,2017-03-21,"2912,53",21,Marzo,3
2017,2017-03-20,"2912,53",20,Marzo,3
2017,2017-03-19,"2912,53",19,Marzo,3
2017,2017-03-18,"2912,53",18,Marzo,3
2017,2017-03-17,"2923,96",17,Marzo,3
2017,2017-03-16,"2972,61",16,Marzo,3
2017,2017-03-15,"2997,73",15,Marzo,3
2017,2017-03-14,"2987,93",14,Marzo,3
2017,2017-03-13,"2980,83",13,Marzo,3
2017,2017-03-12,"2980,83",12,Marzo,3
2017,2017-03-11,"2980,83",11,Marzo,3
2017,2017-03-10,"3004,43",10,Marzo,3
2017,2017-03-09,"2987,88",9,Marzo,3
2017,2017-03-08,"2972,44",8,Marzo,3
2017,2017-03-07,"2966,67",7,Marzo,3
2017,2017-03-06,"2977,43",6,Marzo,3
2017,2017-03-05,"2977,43",5,Marzo,3
2017,2017-03-04,"2977,43",4,Marzo,3
2017,2017-03-03,"2960,91",3,Marzo,3
2017,2017-03-02,"2935,75",2,Marzo,3
2017,2017-03-01,"2919,17",1,Marzo,3
2017,2017-02-28,"2896,27",28,Febrero,2
2017,2017-02-27,"2886,52",27,Febrero,2
2017,2017-02-26,"2886,52",26,Febrero,2
2017,2017-02-25,"2886,52",25,Febrero,2
2017,2017-02-24,"2871,67",24,Febrero,2
2017,2017-02-23,"2893,55",23,Febrero,2
2017,2017-02-22,"2902,68",22,Febrero,2
2017,2017-02-21,"2902,81",21,Febrero,2
2017,2017-02-20,"2902,81",20,Febrero,2
2017,2017-02-19,"2902,81",19,Febrero,2
2017,2017-02-18,"2902,81",18,Febrero,2
2017,2017-02-17,"2875,68",17,Febrero,2
2017,2017-02-16,"2876,03",16,Febrero,2
2017,2017-02-15,"2867,64",15,Febrero,2
2017,2017-02-14,"2875,46",14,Febrero,2
2017,2017-02-13,"2851,98",13,Febrero,2
2017,2017-02-12,"2851,98",12,Febrero,2
2017,2017-02-11,"2851,98",11,Febrero,2
2017,2017-02-10,"2862,63",10,Febrero,2
2017,2017-02-09,"2879,49",9,Febrero,2
2017,2017-02-08,"2867,76",8,Febrero,2
2017,2017-02-07,"2853,99",7,Febrero,2
2017,2017-02-06,"2855,8",6,Febrero,2
2017,2017-02-05,"2855,8",5,Febrero,2
2017,2017-02-04,"2855,8",4,Febrero,2
2017,2017-02-03,"2882,2",3,Febrero,2
2017,2017-02-02,"2906,78",2,Febrero,2
2017,2017-02-01,"2921,9",1,Febrero,2
2017,2017-01-31,"2936,66",31,Enero,1
2017,2017-01-30,"2930,17",30,Enero,1
2017,2017-01-29,"2930,17",29,Enero,1
2017,2017-01-28,"2930,17",28,Enero,1
2017,2017-01-27,"2936,72",27,Enero,1
2017,2017-01-26,"2927,53",26,Enero,1
2017,2017-01-25,"2932,01",25,Enero,1
2017,2017-01-24,"2908,53",24,Enero,1
2017,2017-01-23,"2927,91",23,Enero,1
2017,2017-01-22,"2927,91",22,Enero,1
2017,2017-01-21,"2927,91",21,Enero,1
2017,2017-01-20,"2938,24",20,Enero,1
2017,2017-01-19,"2934,58",19,Enero,1
2017,2017-01-18,"2924,77",18,Enero,1
2017,2017-01-17,"2935,96",17,Enero,1
2017,2017-01-16,"2935,96",16,Enero,1
2017,2017-01-15,"2935,96",15,Enero,1
2017,2017-01-14,"2935,96",14,Enero,1
2017,2017-01-13,"2930,19",13,Enero,1
2017,2017-01-12,"2980,8",12,Enero,1
2017,2017-01-11,"2949,6",11,Enero,1
2017,2017-01-10,"2919,01",10,Enero,1
2017,2017-01-09,"2919,01",9,Enero,1
2017,2017-01-08,"2919,01",8,Enero,1
2017,2017-01-07,"2919,01",7,Enero,1
2017,2017-01-06,"2941,08",6,Enero,1
2017,2017-01-05,"2965,36",5,Enero,1
2017,2017-01-04,"2981,06",4,Enero,1
2017,2017-01-03,"3000,71",3,Enero,1
2017,2017-01-02,"3000,71",2,Enero,1
2017,2017-01-01,"3000,71",1,Enero,1
2016,2016-12-31,"3000,71",31,Diciembre,12
2016,2016-12-30,"3000,71",30,Diciembre,12
2016,2016-12-29,"3019,72",29,Diciembre,12
2016,2016-12-28,"2992,81",28,Diciembre,12
2016,2016-12-27,"2996,6",27,Diciembre,12
2016,2016-12-26,"2996,6",26,Diciembre,12
2016,2016-12-25,"2996,6",25,Diciembre,12
2016,2016-12-24,"2996,6",24,Diciembre,12
2016,2016-12-23,"2996,03",23,Diciembre,12
2016,2016-12-22,"2989,14",22,Diciembre,12
2016,2016-12-21,"2988,06",21,Diciembre,12
2016,2016-12-20,"3019,44",20,Diciembre,12
2016,2016-12-19,"2997,2",19,Diciembre,12
2016,2016-12-18,"2997,2",18,Diciembre,12
2016,2016-12-17,"2997,2",17,Diciembre,12
2016,2016-12-16,"3000,47",16,Diciembre,12
2016,2016-12-15,"2964,56",15,Diciembre,12
2016,2016-12-14,"2982,29",14,Diciembre,12
2016,2016-12-13,"2984,02",13,Diciembre,12
2016,2016-12-12,"3002,8",12,Diciembre,12
2016,2016-12-11,"3002,8",11,Diciembre,12
2016,2016-12-10,"3002,8",10,Diciembre,12
2016,2016-12-09,"2989,71",9,Diciembre,12
2016,2016-12-08,"2989,71",8,Diciembre,12
2016,2016-12-07,"3015,47",7,Diciembre,12
2016,2016-12-06,"3049,47",6,Diciembre,12
2016,2016-12-05,"3061,04",5,Diciembre,12
2016,2016-12-04,"3061,04",4,Diciembre,12
2016,2016-12-03,"3061,04",3,Diciembre,12
2016,2016-12-02,"3068,34",2,Diciembre,12
2016,2016-12-01,"3085,6",1,Diciembre,12
2016,2016-11-30,"3165,09",30,Noviembre,11
2016,2016-11-29,"3142,2",29,Noviembre,11
2016,2016-11-28,"3170,64",28,Noviembre,11
2016,2016-11-27,"3170,64",27,Noviembre,11
2016,2016-11-26,"3170,64",26,Noviembre,11
2016,2016-11-25,"3187,97",25,Noviembre,11
2016,2016-11-24,"3187,97",24,Noviembre,11
2016,2016-11-23,"3139,76",23,Noviembre,11
2016,2016-11-22,"3144,72",22,Noviembre,11
2016,2016-11-21,"3163,49",21,Noviembre,11
2016,2016-11-20,"3163,49",20,Noviembre,11
2016,2016-11-19,"3163,49",19,Noviembre,11
2016,2016-11-18,"3135,65",18,Noviembre,11
2016,2016-11-17,"3131,11",17,Noviembre,11
2016,2016-11-16,"3124,91",16,Noviembre,11
2016,2016-11-15,"3100,12",15,Noviembre,11
2016,2016-11-14,"3100,12",14,Noviembre,11
2016,2016-11-13,"3100,12",13,Noviembre,11
2016,2016-11-12,"3100,12",12,Noviembre,11
2016,2016-11-11,"3100,12",11,Noviembre,11
2016,2016-11-10,"3012,12",10,Noviembre,11
2016,2016-11-09,"2984,78",9,Noviembre,11
2016,2016-11-08,"3070,4",8,Noviembre,11
2016,2016-11-07,"3070,4",7,Noviembre,11
2016,2016-11-06,"3070,4",6,Noviembre,11
2016,2016-11-05,"3070,4",5,Noviembre,11
2016,2016-11-04,"3071,12",4,Noviembre,11
2016,2016-11-03,"3070,54",3,Noviembre,11
2016,2016-11-02,"3026,68",2,Noviembre,11
2016,2016-11-01,"2998,55",1,Noviembre,11
2016,2016-10-31,"2967,66",31,Octubre,10
2016,2016-10-30,"2967,66",30,Octubre,10
2016,2016-10-29,"2967,66",29,Octubre,10
2016,2016-10-28,"2966,61",28,Octubre,10
2016,2016-10-27,"2965,18",27,Octubre,10
2016,2016-10-26,"2941,34",26,Octubre,10
2016,2016-10-25,"2929,83",25,Octubre,10
2016,2016-10-24,"2944,25",24,Octubre,10
2016,2016-10-23,"2944,25",23,Octubre,10
2016,2016-10-22,"2944,25",22,Octubre,10
2016,2016-10-21,"2934,03",21,Octubre,10
2016,2016-10-20,"2914,15",20,Octubre,10
2016,2016-10-19,"2905,93",19,Octubre,10
2016,2016-10-18,"2915,67",18,Octubre,10
2016,2016-10-17,"2915,67",17,Octubre,10
2016,2016-10-16,"2915,67",16,Octubre,10
2016,2016-10-15,"2915,67",15,Octubre,10
2016,2016-10-14,"2930,78",14,Octubre,10
2016,2016-10-13,"2919,18",13,Octubre,10
2016,2016-10-12,"2919,51",12,Octubre,10
2016,2016-10-11,"2913,96",11,Octubre,10
2016,2016-10-10,"2913,96",10,Octubre,10
2016,2016-10-09,"2913,96",9,Octubre,10
2016,2016-10-08,"2913,96",8,Octubre,10
2016,2016-10-07,"2924,8",7,Octubre,10
2016,2016-10-06,"2964,93",6,Octubre,10
2016,2016-10-05,"2963,06",5,Octubre,10
2016,2016-10-04,"2937,23",4,Octubre,10
2016,2016-10-03,"2880,08",3,Octubre,10
2016,2016-10-02,"2880,08",2,Octubre,10
2016,2016-10-01,"2880,08",1,Octubre,10
2016,2016-09-30,"2879,95",30,Septiembre,9
2016,2016-09-29,"2914,11",29,Septiembre,9
2016,2016-09-28,"2921,99",28,Septiembre,9
2016,2016-09-27,"2917,58",27,Septiembre,9
2016,2016-09-26,"2917,95",26,Septiembre,9
2016,2016-09-25,"2917,95",25,Septiembre,9
2016,2016-09-24,"2917,95",24,Septiembre,9
2016,2016-09-23,"2862,52",23,Septiembre,9
2016,2016-09-22,"2894,15",22,Septiembre,9
2016,2016-09-21,"2911,11",21,Septiembre,9
2016,2016-09-20,"2928,18",20,Septiembre,9
2016,2016-09-19,"2956,58",19,Septiembre,9
2016,2016-09-18,"2956,58",18,Septiembre,9
2016,2016-09-17,"2956,58",17,Septiembre,9
2016,2016-09-16,"2938,5",16,Septiembre,9
2016,2016-09-15,"2972,65",15,Septiembre,9
2016,2016-09-14,"2976,19",14,Septiembre,9
2016,2016-09-13,"2942,29",13,Septiembre,9
2016,2016-09-12,"2899,29",12,Septiembre,9
2016,2016-09-11,"2899,29",11,Septiembre,9
2016,2016-09-10,"2899,29",10,Septiembre,9
2016,2016-09-09,"2846,13",9,Septiembre,9
2016,2016-09-08,"2840,38",8,Septiembre,9
2016,2016-09-07,"2887,64",7,Septiembre,9
2016,2016-09-06,"2957,56",6,Septiembre,9
2016,2016-09-05,"2957,56",5,Septiembre,9
2016,2016-09-04,"2957,56",4,Septiembre,9
2016,2016-09-03,"2957,56",3,Septiembre,9
2016,2016-09-02,"2986,36",2,Septiembre,9
2016,2016-09-01,"2956,53",1,Septiembre,9
2016,2016-08-31,"2933,82",31,Agosto,8
2016,2016-08-30,"2924,29",30,Agosto,8
2016,2016-08-29,"2882,69",29,Agosto,8
2016,2016-08-28,"2882,69",28,Agosto,8
2016,2016-08-27,"2882,69",27,Agosto,8
2016,2016-08-26,"2915,67",26,Agosto,8
2016,2016-08-25,"2938,28",25,Agosto,8
2016,2016-08-24,"2909,1",24,Agosto,8
2016,2016-08-23,"2883,89",23,Agosto,8
2016,2016-08-22,"2867,37",22,Agosto,8
2016,2016-08-21,"2867,37",21,Agosto,8
2016,2016-08-20,"2867,37",20,Agosto,8
2016,2016-08-19,"2884,02",19,Agosto,8
2016,2016-08-18,"2918,07",18,Agosto,8
2016,2016-08-17,"2905,3",17,Agosto,8
2016,2016-08-16,"2908,67",16,Agosto,8
2016,2016-08-15,"2908,67",15,Agosto,8
2016,2016-08-14,"2908,67",14,Agosto,8
2016,2016-08-13,"2908,67",13,Agosto,8
2016,2016-08-12,"2911,26",12,Agosto,8
2016,2016-08-11,"2954,9",11,Agosto,8
2016,2016-08-10,"2974,31",10,Agosto,8
2016,2016-08-09,"2992,5",9,Agosto,8
2016,2016-08-08,"3052,8",8,Agosto,8
2016,2016-08-07,"3052,8",7,Agosto,8
2016,2016-08-06,"3052,8",6,Agosto,8
2016,2016-08-05,"3079,83",5,Agosto,8
2016,2016-08-04,"3110,43",4,Agosto,8
2016,2016-08-03,"3084,81",3,Agosto,8
2016,2016-08-02,"3090,28",2,Agosto,8
2016,2016-08-01,"3081,75",1,Agosto,8
2016,2016-07-31,"3081,75",31,Julio,7
2016,2016-07-30,"3081,75",30,Julio,7
2016,2016-07-29,"3091,78",29,Julio,7
2016,2016-07-28,"3073,52",28,Julio,7
2016,2016-07-27,"3055,15",27,Julio,7
2016,2016-07-26,"2997,25",26,Julio,7
2016,2016-07-25,"2942,65",25,Julio,7
2016,2016-07-24,"2942,65",24,Julio,7
2016,2016-07-23,"2942,65",23,Julio,7
2016,2016-07-22,"2928,67",22,Julio,7
2016,2016-07-21,"2931,08",21,Julio,7
2016,2016-07-20,"2931,08",20,Julio,7
2016,2016-07-19,"2928,3",19,Julio,7
2016,2016-07-18,"2923,46",18,Julio,7
2016,2016-07-17,"2923,46",17,Julio,7
2016,2016-07-16,"2923,46",16,Julio,7
2016,2016-07-15,"2923,07",15,Julio,7
2016,2016-07-14,"2936,53",14,Julio,7
2016,2016-07-13,"2911,91",13,Julio,7
2016,2016-07-12,"2929,81",12,Julio,7
2016,2016-07-11,"2952,64",11,Julio,7
2016,2016-07-10,"2952,64",10,Julio,7
2016,2016-07-09,"2952,64",9,Julio,7
2016,2016-07-08,"2986,49",8,Julio,7
2016,2016-07-07,"3003,2",7,Julio,7
2016,2016-07-06,"2966,87",6,Julio,7
2016,2016-07-05,"2914,38",5,Julio,7
2016,2016-07-04,"2914,38",4,Julio,7
2016,2016-07-03,"2914,38",3,Julio,7
2016,2016-07-02,"2914,38",2,Julio,7
2016,2016-07-01,"2919,01",1,Julio,7
2016,2016-06-30,"2916,15",30,Junio,6
2016,2016-06-29,"3005,18",29,Junio,6
2016,2016-06-28,"3022,78",28,Junio,6
2016,2016-06-27,"2972,92",27,Junio,6
2016,2016-06-26,"2972,92",26,Junio,6
2016,2016-06-25,"2972,92",25,Junio,6
2016,2016-06-24,"2897,53",24,Junio,6
2016,2016-06-23,"2944,06",23,Junio,6
2016,2016-06-22,"2976,29",22,Junio,6
2016,2016-06-21,"2972,97",21,Junio,6
2016,2016-06-20,"3010,91",20,Junio,6
2016,2016-06-19,"3010,91",19,Junio,6
2016,2016-06-18,"3010,91",18,Junio,6
2016,2016-06-17,"3019,12",17,Junio,6
2016,2016-06-16,"2989,56",16,Junio,6
2016,2016-06-15,"3003,28",15,Junio,6
2016,2016-06-14,"2990,35",14,Junio,6
2016,2016-06-13,"2969,83",13,Junio,6
2016,2016-06-12,"2969,83",12,Junio,6
2016,2016-06-11,"2969,83",11,Junio,6
2016,2016-06-10,"2942,13",10,Junio,6
2016,2016-06-09,"2905,23",9,Junio,6
2016,2016-06-08,"2950,95",8,Junio,6
2016,2016-06-07,"3017,71",7,Junio,6
2016,2016-06-06,"3017,71",6,Junio,6
2016,2016-06-05,"3017,71",5,Junio,6
2016,2016-06-04,"3017,71",4,Junio,6
2016,2016-06-03,"3110,88",3,Junio,6
2016,2016-06-02,"3117,83",2,Junio,6
2016,2016-06-01,"3089,65",1,Junio,6
2016,2016-05-31,"3069,17",31,Mayo,5
2016,2016-05-30,"3069,17",30,Mayo,5
2016,2016-05-29,"3069,17",29,Mayo,5
2016,2016-05-28,"3069,17",28,Mayo,5
2016,2016-05-27,"3054,6",27,Mayo,5
2016,2016-05-26,"3061,89",26,Mayo,5
2016,2016-05-25,"3059,92",25,Mayo,5
2016,2016-05-24,"3058,25",24,Mayo,5
2016,2016-05-23,"3047,99",23,Mayo,5
2016,2016-05-22,"3047,99",22,Mayo,5
2016,2016-05-21,"3047,99",21,Mayo,5
2016,2016-05-20,"3056,06",20,Mayo,5
2016,2016-05-19,"3031,48",19,Mayo,5
2016,2016-05-18,"3020,89",18,Mayo,5
2016,2016-05-17,"3007,74",17,Mayo,5
2016,2016-05-16,"2983,82",16,Mayo,5
2016,2016-05-15,"2983,82",15,Mayo,5
2016,2016-05-14,"2983,82",14,Mayo,5
2016,2016-05-13,"2934,88",13,Mayo,5
2016,2016-05-12,"2956,82",12,Mayo,5
2016,2016-05-11,"2979,54",11,Mayo,5
2016,2016-05-10,"2969,62",10,Mayo,5
2016,2016-05-09,"2969,62",9,Mayo,5
2016,2016-05-08,"2969,62",8,Mayo,5
2016,2016-05-07,"2969,62",7,Mayo,5
2016,2016-05-06,"2952,37",6,Mayo,5
2016,2016-05-05,"2942,16",5,Mayo,5
2016,2016-05-04,"2895,51",4,Mayo,5
2016,2016-05-03,"2833,78",3,Mayo,5
2016,2016-05-02,"2851,14",2,Mayo,5
2016,2016-05-01,"2851,14",1,Mayo,5
2016,2016-04-30,"2851,14",30,Abril,4
2016,2016-04-29,"2885,72",29,Abril,4
2016,2016-04-28,"2943,23",28,Abril,4
2016,2016-04-27,"2945,37",27,Abril,4
2016,2016-04-26,"2962,08",26,Abril,4
2016,2016-04-25,"2939,7",25,Abril,4
2016,2016-04-24,"2939,7",24,Abril,4
2016,2016-04-23,"2939,7",23,Abril,4
2016,2016-04-22,"2928,7",22,Abril,4
2016,2016-04-21,"2899,92",21,Abril,4
2016,2016-04-20,"2912,2",20,Abril,4
2016,2016-04-19,"2995,86",19,Abril,4
2016,2016-04-18,"2999,38",18,Abril,4
2016,2016-04-17,"2999,38",17,Abril,4
2016,2016-04-16,"2999,38",16,Abril,4
2016,2016-04-15,"3000,78",15,Abril,4
2016,2016-04-14,"3006,35",14,Abril,4
2016,2016-04-13,"3036,57",13,Abril,4
2016,2016-04-12,"3057,96",12,Abril,4
2016,2016-04-11,"3076,29",11,Abril,4
2016,2016-04-10,"3076,29",10,Abril,4
2016,2016-04-09,"3076,29",9,Abril,4
2016,2016-04-08,"3109,6",8,Abril,4
2016,2016-04-07,"3081,39",7,Abril,4
2016,2016-04-06,"3085,82",6,Abril,4
2016,2016-04-05,"3066,94",5,Abril,4
2016,2016-04-04,"3038,48",4,Abril,4
2016,2016-04-03,"3038,48",3,Abril,4
2016,2016-04-02,"3038,48",2,Abril,4
2016,2016-04-01,"3000,63",1,Abril,4
2016,2016-03-31,"3022,35",31,Marzo,3
2016,2016-03-30,"3052,33",30,Marzo,3
2016,2016-03-29,"3047,85",29,Marzo,3
2016,2016-03-28,"3058,8",28,Marzo,3
2016,2016-03-27,"3058,8",27,Marzo,3
2016,2016-03-26,"3058,8",26,Marzo,3
2016,2016-03-25,"3058,8",25,Marzo,3
2016,2016-03-24,"3058,8",24,Marzo,3
2016,2016-03-23,"3050,31",23,Marzo,3
2016,2016-03-22,"3065,79",22,Marzo,3
2016,2016-03-21,"3065,79",21,Marzo,3
2016,2016-03-20,"3065,79",20,Marzo,3
2016,2016-03-19,"3065,79",19,Marzo,3
2016,2016-03-18,"3087,39",18,Marzo,3
2016,2016-03-17,"3155,9",17,Marzo,3
2016,2016-03-16,"3175,88",16,Marzo,3
2016,2016-03-15,"3175,95",15,Marzo,3
2016,2016-03-14,"3164,12",14,Marzo,3
2016,2016-03-13,"3164,12",13,Marzo,3
2016,2016-03-12,"3164,12",12,Marzo,3
2016,2016-03-11,"3204,27",11,Marzo,3
2016,2016-03-10,"3192,49",10,Marzo,3
2016,2016-03-09,"3155,9",9,Marzo,3
2016,2016-03-08,"3135,28",8,Marzo,3
2016,2016-03-07,"3163,25",7,Marzo,3
2016,2016-03-06,"3163,25",6,Marzo,3
2016,2016-03-05,"3163,25",5,Marzo,3
2016,2016-03-04,"3203,03",4,Marzo,3
2016,2016-03-03,"3205,6",3,Marzo,3
2016,2016-03-02,"3268,86",2,Marzo,3
2016,2016-03-01,"3319,8",1,Marzo,3
2016,2016-02-29,3306,29,Febrero,2
2016,2016-02-28,3306,28,Febrero,2
2016,2016-02-27,3306,27,Febrero,2
2016,2016-02-26,"3310,16",26,Febrero,2
2016,2016-02-25,"3341,69",25,Febrero,2
2016,2016-02-24,"3322,54",24,Febrero,2
2016,2016-02-23,"3314,24",23,Febrero,2
2016,2016-02-22,"3356,78",22,Febrero,2
2016,2016-02-21,"3356,78",21,Febrero,2
2016,2016-02-20,"3356,78",20,Febrero,2
2016,2016-02-19,"3338,03",19,Febrero,2
2016,2016-02-18,"3391,87",18,Febrero,2
2016,2016-02-17,"3406,87",17,Febrero,2
2016,2016-02-16,"3409,82",16,Febrero,2
2016,2016-02-15,"3409,82",15,Febrero,2
2016,2016-02-14,"3409,82",14,Febrero,2
2016,2016-02-13,"3409,82",13,Febrero,2
2016,2016-02-12,"3434,89",12,Febrero,2
2016,2016-02-11,"3385,65",11,Febrero,2
2016,2016-02-10,"3391,93",10,Febrero,2
2016,2016-02-09,"3367,02",9,Febrero,2
2016,2016-02-08,"3320,49",8,Febrero,2
2016,2016-02-07,"3320,49",7,Febrero,2
2016,2016-02-06,"3320,49",6,Febrero,2
2016,2016-02-05,"3315,75",5,Febrero,2
2016,2016-02-04,"3382,2",4,Febrero,2
2016,2016-02-03,"3387,69",3,Febrero,2
2016,2016-02-02,"3326,82",2,Febrero,2
2016,2016-02-01,"3287,31",1,Febrero,2
2016,2016-01-31,"3287,31",31,Enero,1
2016,2016-01-30,"3287,31",30,Enero,1
2016,2016-01-29,"3302,92",29,Enero,1
2016,2016-01-28,"3366,63",28,Enero,1
2016,2016-01-27,"3375,8",27,Enero,1
2016,2016-01-26,"3362,38",26,Enero,1
2016,2016-01-25,"3281,74",25,Enero,1
2016,2016-01-24,"3281,74",24,Enero,1
2016,2016-01-23,"3281,74",23,Enero,1
2016,2016-01-22,"3368,49",22,Enero,1
2016,2016-01-21,"3357,67",21,Enero,1
2016,2016-01-20,"3297,46",20,Enero,1
2016,2016-01-19,"3293,94",19,Enero,1
2016,2016-01-18,"3293,94",18,Enero,1
2016,2016-01-17,"3293,94",17,Enero,1
2016,2016-01-16,"3293,94",16,Enero,1
2016,2016-01-15,"3240,71",15,Enero,1
2016,2016-01-14,"3235,45",14,Enero,1
2016,2016-01-13,"3246,51",13,Enero,1
2016,2016-01-12,"3268,37",12,Enero,1
2016,2016-01-11,"3268,37",11,Enero,1
2016,2016-01-10,"3268,37",10,Enero,1
2016,2016-01-09,"3268,37",9,Enero,1
2016,2016-01-08,"3287,28",8,Enero,1
2016,2016-01-07,"3250,69",7,Enero,1
2016,2016-01-06,"3203,86",6,Enero,1
2016,2016-01-05,"3213,24",5,Enero,1
2016,2016-01-04,"3149,47",4,Enero,1
2016,2016-01-03,"3149,47",3,Enero,1
2016,2016-01-02,"3149,47",2,Enero,1
2016,2016-01-01,"3149,47",1,Enero,1